{"cameraMode":{"drawMode":0,"name":"Shaded","section":"Shading Mode"},"sceneLighting":false,"audioPlay":false,"sceneViewState":{"showFog":true,"showMaterialUpdate":false,"showSkybox":false,"showFlares":true,"showImageEffects":true,"showParticleSystems":true},"in2DMode":false,"pivot":{"x":-1.214120864868164,"y":0.5412901639938355,"z":-0.28395116329193118},"rotation":{"x":0.391495943069458,"y":0.09826980531215668,"z":-0.04209410026669502,"w":0.9139504432678223},"size":6.531148433685303,"orthographic":false}