{"cameraMode":{"drawMode":0,"name":"Shaded","section":"Shading Mode"},"sceneLighting":false,"audioPlay":false,"sceneViewState":{"showFog":true,"showMaterialUpdate":false,"showSkybox":false,"showFlares":true,"showImageEffects":true,"showParticleSystems":true},"in2DMode":false,"pivot":{"x":414.6929931640625,"y":4.083189487457275,"z":324.1000061035156},"rotation":{"x":-0.31962570548057558,"y":0.24947091937065125,"z":-0.08763275295495987,"w":-0.909903347492218},"size":20.577255249023439,"orthographic":false}