{"cameraMode":{"drawMode":0,"name":"Shaded","section":"Shading Mode"},"sceneLighting":true,"audioPlay":false,"sceneViewState":{"showFog":true,"showMaterialUpdate":false,"showSkybox":true,"showFlares":true,"showImageEffects":true,"showParticleSystems":true},"in2DMode":false,"pivot":{"x":418.8493347167969,"y":4.468634605407715,"z":332.0194091796875},"rotation":{"x":-0.13450869917869569,"y":-0.07513685524463654,"z":0.01022923830896616,"w":-0.9880067706108093},"size":38.74964141845703,"orthographic":false}