{"cameraMode":{"drawMode":0,"name":"Shaded","section":"Shading Mode"},"sceneLighting":false,"audioPlay":false,"sceneViewState":{"showFog":true,"showMaterialUpdate":false,"showSkybox":false,"showFlares":true,"showImageEffects":true,"showParticleSystems":true},"in2DMode":false,"pivot":{"x":440.6950378417969,"y":0.7092688083648682,"z":338.80303955078127},"rotation":{"x":0.033247798681259158,"y":-0.928002119064331,"z":0.08543970435857773,"w":0.3611191213130951},"size":3.6310253143310549,"orthographic":false}