{"cameraMode":{"drawMode":0,"name":"Shaded","section":"Shading Mode"},"sceneLighting":true,"audioPlay":false,"sceneViewState":{"showFog":true,"showMaterialUpdate":false,"showSkybox":false,"showFlares":true,"showImageEffects":true,"showParticleSystems":true},"in2DMode":false,"pivot":{"x":428.739990234375,"y":1.003999948501587,"z":333.4314270019531},"rotation":{"x":-0.007993428036570549,"y":0.974814236164093,"z":-0.03541073948144913,"w":-0.2200493961572647},"size":2.736215591430664,"orthographic":false}