{"cameraMode":{"drawMode":0,"name":"Shaded","section":"Shading Mode"},"sceneLighting":true,"audioPlay":false,"sceneViewState":{"showFog":true,"showMaterialUpdate":false,"showSkybox":true,"showFlares":true,"showImageEffects":true,"showParticleSystems":true},"in2DMode":false,"pivot":{"x":457.5869445800781,"y":-1.2584786415100098,"z":380.1534729003906},"rotation":{"x":-0.04150433465838432,"y":-0.3189105689525604,"z":0.013980396091938019,"w":-0.9467729330062866},"size":88.03327941894531,"orthographic":false}