{"cameraMode":{"drawMode":0,"name":"Shaded","section":"Shading Mode"},"sceneLighting":true,"audioPlay":false,"sceneViewState":{"showFog":true,"showMaterialUpdate":false,"showSkybox":true,"showFlares":true,"showImageEffects":true,"showParticleSystems":true},"in2DMode":false,"pivot":{"x":421.68798828125,"y":-9.891752243041993,"z":347.42041015625},"rotation":{"x":0.25907522439956667,"y":0.0318787656724453,"z":-0.008551083505153656,"w":0.9653005599975586},"size":52.155029296875,"orthographic":false}