{"cameraMode":{"drawMode":0,"name":"Shaded","section":"Shading Mode"},"sceneLighting":false,"audioPlay":false,"sceneViewState":{"showFog":true,"showMaterialUpdate":false,"showSkybox":false,"showFlares":true,"showImageEffects":true,"showParticleSystems":true},"in2DMode":false,"pivot":{"x":414.6929931640625,"y":4.083189964294434,"z":324.1000061035156},"rotation":{"x":0.285754531621933,"y":-0.2629513442516327,"z":0.08186158537864685,"w":0.9178794622421265},"size":28.578847885131837,"orthographic":false}