{"cameraMode":{"drawMode":0,"name":"Shaded","section":"Shading Mode"},"sceneLighting":true,"audioPlay":false,"sceneViewState":{"showFog":true,"showMaterialUpdate":false,"showSkybox":true,"showFlares":true,"showImageEffects":true,"showParticleSystems":true},"in2DMode":false,"pivot":{"x":387.7113037109375,"y":-18.98335838317871,"z":363.7717590332031},"rotation":{"x":0.21518279612064362,"y":-0.2388758659362793,"z":0.05437292531132698,"w":0.945347785949707},"size":72.43011474609375,"orthographic":false}