{"cameraMode":{"drawMode":0,"name":"Shaded","section":"Shading Mode"},"sceneLighting":false,"audioPlay":false,"sceneViewState":{"showFog":false,"showMaterialUpdate":false,"showSkybox":false,"showFlares":false,"showImageEffects":false,"showParticleSystems":false},"in2DMode":false,"pivot":{"x":-0.10606127977371216,"y":0.8115310072898865,"z":0.15357327461242677},"rotation":{"x":0.12125975638628006,"y":0.3120880424976349,"z":-0.04020986706018448,"w":0.9414452910423279},"size":4.849682331085205,"orthographic":true}