{"cameraMode":{"drawMode":0,"name":"Shaded","section":"Shading Mode"},"sceneLighting":true,"audioPlay":false,"sceneViewState":{"showFog":false,"showMaterialUpdate":false,"showSkybox":false,"showFlares":false,"showImageEffects":false,"showParticleSystems":false},"in2DMode":false,"pivot":{"x":428.7918395996094,"y":1.4817383289337159,"z":333.77001953125},"rotation":{"x":0.706504225730896,"y":0.057068727910518649,"z":-0.057365112006664279,"w":0.7031248807907105},"size":2.142259359359741,"orthographic":true}