{"cameraMode":{"drawMode":0,"name":"Shaded","section":"Shading Mode"},"sceneLighting":false,"audioPlay":false,"sceneViewState":{"showFog":false,"showMaterialUpdate":false,"showSkybox":false,"showFlares":false,"showImageEffects":false,"showParticleSystems":false},"in2DMode":false,"pivot":{"x":428.6339416503906,"y":0.8155310153961182,"z":333.5849914550781},"rotation":{"x":0.14866749942302705,"y":0.3250419497489929,"z":-0.051821012049913409,"w":0.9325019121170044},"size":4.849663257598877,"orthographic":true}