{"cameraMode":{"drawMode":0,"name":"Shaded","section":"Shading Mode"},"sceneLighting":true,"audioPlay":false,"sceneViewState":{"showFog":true,"showMaterialUpdate":false,"showSkybox":true,"showFlares":true,"showImageEffects":true,"showParticleSystems":true},"in2DMode":false,"pivot":{"x":440.54559326171877,"y":0.9356651306152344,"z":333.3504333496094},"rotation":{"x":-0.032222311943769458,"y":0.9453080296516419,"z":-0.09848610311746597,"w":-0.30928245186805727},"size":5.666156768798828,"orthographic":false}