{"cameraMode":{"drawMode":0,"name":"Shaded","section":"Shading Mode"},"sceneLighting":true,"audioPlay":false,"sceneViewState":{"showFog":true,"showMaterialUpdate":false,"showSkybox":false,"showFlares":true,"showImageEffects":true,"showParticleSystems":true},"in2DMode":false,"pivot":{"x":430.23834228515627,"y":0.8155310153961182,"z":333.78997802734377},"rotation":{"x":0.12139745056629181,"y":0.6184364557266235,"z":-0.09745430946350098,"w":0.7702683210372925},"size":9.462637901306153,"orthographic":false}