{"cameraMode":{"drawMode":0,"name":"Shaded","section":"Shading Mode"},"sceneLighting":true,"audioPlay":false,"sceneViewState":{"showFog":true,"showMaterialUpdate":false,"showSkybox":true,"showFlares":true,"showImageEffects":true,"showParticleSystems":true},"in2DMode":false,"pivot":{"x":414.4727783203125,"y":2.6062169075012209,"z":331.6893310546875},"rotation":{"x":-0.03595661371946335,"y":0.3067430853843689,"z":0.011600571684539318,"w":0.9510496854782105},"size":11.948139190673829,"orthographic":false}