{"cameraMode":{"drawMode":0,"name":"Shaded","section":"Shading Mode"},"sceneLighting":true,"audioPlay":false,"sceneViewState":{"showFog":true,"showMaterialUpdate":false,"showSkybox":true,"showFlares":true,"showImageEffects":true,"showParticleSystems":true},"in2DMode":false,"pivot":{"x":441.9176940917969,"y":-2.1187191009521486,"z":332.099609375},"rotation":{"x":-0.12646153569221497,"y":0.8515681028366089,"z":-0.44855403900146487,"w":-0.24008379876613618},"size":26.098974227905275,"orthographic":false}