{"cameraMode":{"drawMode":0,"name":"Shaded","section":"Shading Mode"},"sceneLighting":true,"audioPlay":false,"sceneViewState":{"showFog":true,"showMaterialUpdate":true,"showSkybox":false,"showFlares":true,"showImageEffects":true,"showParticleSystems":true},"in2DMode":false,"pivot":{"x":452.6158447265625,"y":-0.4224538207054138,"z":341.0016174316406},"rotation":{"x":-0.16427071392536164,"y":-0.3062829375267029,"z":0.053741034120321277,"w":-0.9361231923103333},"size":6.400999069213867,"orthographic":false}