{"cameraMode":{"drawMode":0,"name":"Shaded","section":"Shading Mode"},"sceneLighting":true,"audioPlay":false,"sceneViewState":{"showFog":true,"showMaterialUpdate":false,"showSkybox":false,"showFlares":true,"showImageEffects":true,"showParticleSystems":true},"in2DMode":false,"pivot":{"x":433.484619140625,"y":0.42001503705978396,"z":334.8913879394531},"rotation":{"x":-0.16400985419750215,"y":-0.18350201845169068,"z":0.031061459332704545,"w":-0.9687480926513672},"size":7.961608409881592,"orthographic":false}