{"cameraMode":{"drawMode":0,"name":"Shaded","section":"Shading Mode"},"sceneLighting":false,"audioPlay":false,"sceneViewState":{"showFog":true,"showMaterialUpdate":true,"showSkybox":false,"showFlares":true,"showImageEffects":true,"showParticleSystems":true},"in2DMode":false,"pivot":{"x":378.8999938964844,"y":16.660003662109376,"z":283.1199951171875},"rotation":{"x":0.01747746951878071,"y":0.9708393812179565,"z":-0.2271205484867096,"w":0.07470814883708954},"size":5.442514419555664,"orthographic":false}