{"cameraMode":{"drawMode":0,"name":"Shaded","section":"Shading Mode"},"sceneLighting":false,"audioPlay":false,"sceneViewState":{"showFog":true,"showMaterialUpdate":false,"showSkybox":false,"showFlares":true,"showImageEffects":true,"showParticleSystems":true},"in2DMode":false,"pivot":{"x":413.9444274902344,"y":3.691829204559326,"z":321.1566467285156},"rotation":{"x":-0.17545348405838014,"y":0.4192584156990051,"z":-0.08294273912906647,"w":-0.8868826031684876},"size":15.17543888092041,"orthographic":false}