{"cameraMode":{"drawMode":0,"name":"Shaded","section":"Shading Mode"},"sceneLighting":true,"audioPlay":false,"sceneViewState":{"showFog":true,"showMaterialUpdate":true,"showSkybox":true,"showFlares":true,"showImageEffects":true,"showParticleSystems":true},"in2DMode":false,"pivot":{"x":407.53277587890627,"y":8.771005630493164,"z":369.7422180175781},"rotation":{"x":0.09346795827150345,"y":0.33933109045028689,"z":0.033900778740644458,"w":-0.9354075193405151},"size":37.45248031616211,"orthographic":false}