{"cameraMode":{"drawMode":0,"name":"Shaded","section":"Shading Mode"},"sceneLighting":false,"audioPlay":false,"sceneViewState":{"showFog":true,"showMaterialUpdate":true,"showSkybox":false,"showFlares":true,"showImageEffects":true,"showParticleSystems":true},"in2DMode":false,"pivot":{"x":404.9395751953125,"y":4.16318941116333,"z":324.1317138671875},"rotation":{"x":-0.20486930012702943,"y":0.36052143573760989,"z":-0.08149436116218567,"w":-0.906317412853241},"size":20.577255249023439,"orthographic":false}