{"cameraMode":{"drawMode":0,"name":"Shaded","section":"Shading Mode"},"sceneLighting":true,"audioPlay":false,"sceneViewState":{"showFog":true,"showMaterialUpdate":true,"showSkybox":true,"showFlares":true,"showImageEffects":true,"showParticleSystems":true},"in2DMode":false,"pivot":{"x":441.15130615234377,"y":0.8366618156433106,"z":335.64276123046877},"rotation":{"x":0.005561431869864464,"y":-0.9799010753631592,"z":0.027652360498905183,"w":0.19752050936222077},"size":6.210473537445068,"orthographic":false}