{"cameraMode":{"drawMode":0,"name":"Shaded","section":"Shading Mode"},"sceneLighting":true,"audioPlay":false,"sceneViewState":{"showFog":true,"showMaterialUpdate":true,"showSkybox":true,"showFlares":true,"showImageEffects":true,"showParticleSystems":true},"in2DMode":false,"pivot":{"x":423.84112548828127,"y":-10.08546257019043,"z":305.7999572753906},"rotation":{"x":-0.02388497069478035,"y":0.9751421213150024,"z":-0.1762472689151764,"w":-0.1321510225534439},"size":37.083858489990237,"orthographic":false}