{"cameraMode":{"drawMode":0,"name":"Shaded","section":"Shading Mode"},"sceneLighting":true,"audioPlay":false,"sceneViewState":{"showFog":true,"showMaterialUpdate":true,"showSkybox":false,"showFlares":true,"showImageEffects":true,"showParticleSystems":true},"in2DMode":false,"pivot":{"x":428.5237121582031,"y":0.48425883054733279,"z":333.70166015625},"rotation":{"x":-0.06480660289525986,"y":0.9026318192481995,"z":-0.14641620218753816,"w":-0.3995220363140106},"size":6.165105819702148,"orthographic":false}